<?xml version="1.0" encoding="UTF-8"?>
<beans xmlns="http://www.springframework.org/schema/beans"
	xmlns:xsi="http://www.w3.org/2001/XMLSchema-instance"
	xmlns:context="http://www.springframework.org/schema/context"
	xsi:schemaLocation="
        http://www.springframework.org/schema/beans http://www.springframework.org/schema/beans/spring-beans.xsd
        http://www.springframework.org/schema/context http://www.springframework.org/schema/context/spring-context.xsd">


   <bean id="address" class="com.easylearning.model.Address">
      <property name="city" value="Pune" />
   </bean>
   
   <bean id="employee" class="com.easylearning.model.Employee">
	    <property name="id" value="1"/>
	    <property name="name" value="Jack" />
	    <property name="salary" value="1000"/>
	    <property name="address" ref="address"/>
   </bean>

</beans>