<?xml version="1.0" encoding="UTF-8"?>
<beans xmlns="http://www.springframework.org/schema/beans"
	xmlns:xsi="http://www.w3.org/2001/XMLSchema-instance"
	xmlns:context="http://www.springframework.org/schema/context"
	xsi:schemaLocation="
        http://www.springframework.org/schema/beans http://www.springframework.org/schema/beans/spring-beans.xsd
        http://www.springframework.org/schema/context http://www.springframework.org/schema/context/spring-context.xsd">


	<context:component-scan
		base-package="com.easylearning" />

	<bean id="bike" class="com.easylearning.model.Bike" autowire-candidate="false">
		<property name="name" value="RE"></property>
	</bean>
	
	<bean id="car" class="com.easylearning.model.Car" >
		<property name="name" value="AUDI"></property>
	</bean>
	
	<!-- <alias name="bike" alias="vehicle"/> -->

	<bean id="employee" class="com.easylearning.model.Employee"  autowire="byType">
		<property name="id" value="1" />
		<property name="name" value="Jack" />
		<property name="salary" value="1000" />
		
	</bean>


</beans>