<?xml version="1.0" encoding="UTF-8"?>
<beans xmlns="http://www.springframework.org/schema/beans"
	xmlns:xsi="http://www.w3.org/2001/XMLSchema-instance"
	xmlns:context="http://www.springframework.org/schema/context"
	xsi:schemaLocation="
        http://www.springframework.org/schema/beans http://www.springframework.org/schema/beans/spring-beans.xsd
        http://www.springframework.org/schema/context http://www.springframework.org/schema/context/spring-context.xsd">


   <bean id="bike" class="com.easylearning.model.Bike" init-method="init" destroy-method="destroy">
   		<property name="name" value="RE"></property>
   </bean>
  
  <!-- <bean id="bike1" class="com.easylearning.model.Bike">
   		<constructor-arg value="Pulsar"></constructor-arg>
   </bean> -->
   
   <bean id="car" class="com.easylearning.model.Car" init-method="init" destroy-method="destroy">
   		<property name="name" value="BMW"></property>
   		<property name="color" value="Blue"></property>
   </bean>
   
   <bean id="car1" class="com.easylearning.model.Car" >
   		<constructor-arg  index="0" value="red"/>
   		<constructor-arg index="1"  value="AUDI"/>
   </bean>
   
   <bean class="com.easylearning.main.MyBeanProcessor"/>
   
   <bean id="sb1" class="com.easylearning.model.SampleBean" >
   		<constructor-arg type="int"  value="1"/>
   </bean>
   
   <bean id="sb2" class="com.easylearning.model.SampleBean" >
   		<constructor-arg  type="String"  value="Jack"/>
   </bean>
   

</beans>