<?xml version="1.0" encoding="UTF-8"?>
<beans xmlns="http://www.springframework.org/schema/beans"
	xmlns:xsi="http://www.w3.org/2001/XMLSchema-instance"
	xmlns:context="http://www.springframework.org/schema/context"
	xsi:schemaLocation="
        http://www.springframework.org/schema/beans http://www.springframework.org/schema/beans/spring-beans.xsd
        http://www.springframework.org/schema/context http://www.springframework.org/schema/context/spring-context.xsd">


   <bean id="bike" class="com.easylearning.model.Bike" lazy-init="true"  >
   		<property name="name" value="RE"></property>
   </bean>
   
    <bean id="a" class="com.easylearning.model.A">
   		<constructor-arg><null/></constructor-arg>
   		<property name="b" ref="b"/>
   </bean>
   
    <bean id="b" class="com.easylearning.model.B">
   		<constructor-arg ref="a"></constructor-arg>
   </bean>
  
 			

</beans>